{"cameraMode":{"drawMode":0,"name":"Shaded","section":"Shading Mode"},"sceneLighting":true,"audioPlay":false,"sceneViewState":{"m_AlwaysRefresh":false,"showFog":true,"showSkybox":true,"showFlares":true,"showImageEffects":true,"showParticleSystems":true,"showVisualEffectGraphs":true,"m_FxEnabled":true},"in2DMode":false,"pivot":{"x":497.7044982910156,"y":2025.717041015625,"z":-339.65753173828127},"rotation":{"x":-0.24208062887191773,"y":-0.005242184270173311,"z":0.0013088495470583439,"w":-0.9702491760253906},"size":167.87246704101563,"orthographic":false}